outlook,आउटलुक
savages,असभ्य
Birmingham,बर्मिंघम
she'd,छप्पर
customs,प्रथाएँ
episode,प्रकरण
accustomed,आदी
bewildered,व्यग्र
hypertext,हाइपरटेक्स्ट
magistrate,मजिस्ट्रेट
poetic,पुरजोश
les,लेस
classical,क्लासिक
perspective,परिप्रेक्ष्य
rod,छड़
manifested,प्रकट
representatives,प्रतिनिधियों
exclaimed,कहा
copyright,कॉपीराइट
charm,आकर्षण
intervention,हस्तक्षेप
Abel,हाबिल
behold,देखो
gaiety,आमोद-प्रमोद
disconcerted,घबराया हुआ
departed,स्वर्गवासी
turner,टर्नर
delivery,वितरण
abstract,सार
valve,वाल्व
extinct,दुर्लभ
daring,साहसी
Easter,ईस्टर
inexorable,निष्ठुर
systematic,व्यवस्थित
stump,स्टंप
wagon,गाड़ी
underline,रेखांकन
flat,समतल
verses,वर्सेज
edition,संस्करण
forbidding,अनिष्ट
manifest,घोषणापत्र
creek,क्रीक
rag,खपरैल
armchair,बंहदार कुरसी
corresponding,तदनुसार
damp,नम
accents,लहजे
lately,हाल तक
attendants,परिचारिकाओं
underground,भूमिगत
attachment,अनुरक्ति
Sicily,सिसिली
appropriation,विनियोग
reproach,तिरस्कार
classification,वर्गीकरण
lark,लवा
comrades,कामरेड
infernal,राक्षसी
daresay,साहस करना
summon,बुलाने
climax,उत्कर्ष
Gloucester,ग्लॉस्टर
expedition,अभियान
cowardly,राड़
vaguely,थोड़ा
exceedingly,निहायत
sundry,विविध
prefer,वरीयता देना
softness,मृदुता
patent,पेटेंट
precipitate,तलछट
corresponding,तदनुसार
pamphlet,पुस्तिका
admirably,सराहनीय
appropriation,विनियोग
veneration,उपासना
smelt,गलाना
norfolk,नॉरफ़ॉकlined,पंक्तिवाला
